OBJECTID,INTERZONE,NAME,TOTPOP2011,RESPOP2011,HHCNT2011,STDAREAHA,STDAREAKM2,POPULATION,FIVE_YEAR_POPULATION,ACC_POIS_PER_1000,ASSAULT_RATE_PER_1000,BURNS_PER_1000,FALLS_PER_1000,GYN_AND_OBS_PER_1000,HOME_ACCIDENTS_PER_1000,INJURY_OTHER_PER_1000,INTENTIONAL_SELF_HARM_PER_1000,MEDICAL_CONDITION_PER_1000,NEEDLESTICK_PER_1000,PERSONAL_ACTIVITY_PER_1000,PLAYING_PER_1000,PSYCHIATRIC_CONDITION_PER_1000,ROAD_TRAFFIC_ACCIDENT_PER_1000,RTA_PEDESTRIAN_PER_1000,SPORTING_INJURY_PER_1000,SURGICAL_CONDITION_PER_1000,UNSPECIFIED_PER_1000,NO_OF_TOP_5S_ADJUSTED,ACORN_GROUP,SHAPE__AREA,SHAPE__LENGTH,SHAPEAREA,SHAPELEN
1,S02001842,Darnley East,5033,4970,2123,100.699216,1.006994,5104,25520,0.35266458,3.09561129,1.95924765,18.37774295,2.42946708,4.42789969,103.48746082,1.09717868,154.34952978,0.03918495,1.05799373,3.44827586,1.88087774,6.70062696,0.50940439,8.97335423,14.69435737,54.07523511,,,1006992.17886353,5983.09351814,1006992.17885579,5983.09351813641
2,S02001843,Darnley North,2813,2716,1131,358.577995,3.585779,3542,17710,0.50818746,2.76679842,1.52456239,24.39299831,1.97628458,4.34782609,108.18746471,0.95990966,185.99661208,0.16939582,1.41163185,4.51722191,2.48447205,9.37323546,0.33879164,11.80124224,16.31846414,66.29023151,1,,3585779.9100647,17583.01161834,3585779.91030642,17583.011618333
3,S02001844,Darnley West,4741,4642,1680,123.275588,1.232757,5461,27305,0.14649332,1.90441311,1.50155649,16.81010804,2.0142831,2.30726973,80.64457059,0.95220656,150.81486907,0.07324666,0.98882988,3.73557956,2.63687969,6.92180919,0.47610328,8.64310566,13.9901117,53.6898004,,,1232755.85876465,7988.52117856,1232755.8586635,7988.52117855757
4,S02001845,Nitshill,5836,5764,2590,196.969413,1.969695,6330,31650,0.44233807,3.94944708,1.73775671,20.85308057,3.25434439,3.94944708,119.27330174,2.46445498,239.87361769,0.18957346,1.39020537,4.96050553,5.24486572,8.05687204,0.44233807,7.36176935,23.79146919,85.18167457,3,"Difficult Circumstances, Struggling Estates, Poorer Pensioners, Striving Families",1969694.14707947,8594.06121849,1969694.14695509,8594.0612184929
5,S02001846,Crookston South,3387,3342,1439,83.574894,0.83575,3380,16900,0.88757396,3.60946746,1.71597633,24.79289941,3.55029586,3.66863905,131.77514793,2.01183432,253.60946746,0.29585799,1.42011834,5.26627219,4.37869822,8.87573964,0.76923077,7.5147929,22.6035503,76.98224852,5,"Difficult Circumstances, Poorer Pensioners",835748.94404602,5357.58322046,835748.9440275,5357.58322045904
6,S02001853,Penilee,5309,5261,2300,88.266227,0.882666,5279,26395,0.53040349,2.9929911,1.17446486,19.96590263,2.91721917,3.22030688,110.02083728,1.4396666,195.49157037,0.22731578,0.87137715,3.97802614,3.56128055,6.13752605,0.45463156,5.30403486,18.03371851,65.35328661,,,882662.21401978,5074.67712185,882662.214013895,5074.67712185297
7,S02001854,Hillington,3519,3519,1628,54.671807,0.54672,3377,16885,0.41456914,2.07284572,1.65827658,14.68759254,2.30974237,2.19129405,90.31684927,1.00681078,162.09653539,0.23689665,0.76991412,3.7311223,2.78353568,6.45543382,0.17767249,4.08646728,16.93811075,51.76191886,,,546718.0712738,4838.99310227,546718.0713305,4838.99310226887
8,S02001855,Drumoyne and Shieldhall,6268,6191,3173,328.281176,3.282811,6241,31205,0.4806922,5.06329114,1.47412274,17.36901138,2.49959942,2.49959942,107.32254446,1.98686108,209.61384394,0.22432303,0.92933825,3.10847621,4.00576831,5.57602948,0.4806922,5.3837526,21.08636436,64.989585,1,,3282811.72851563,11770.30196216,3282811.7285349,11770.3019621621
9,S02001856,Govan and Linthouse,4899,4822,2687,162.864953,1.628651,6065,30325,0.8573784,5.07831822,1.35201979,16.784831,3.39653751,1.78070899,95.39983512,3.59439406,203.82522671,0.19785655,0.62654575,3.03380049,9.26628195,3.92415499,0.46166529,3.16570486,18.16982688,73.23990107,3,Difficult Circumstances,1628649.54388428,9592.86421669,1628649.54367862,9592.86421668331
10,S02001857,Craigton,3303,3303,1770,100.520734,1.00521,3516,17580,0.7963595,3.58361775,1.76336746,18.8850967,2.61660978,2.61660978,101.47895336,1.53583618,205.74516496,0.11376564,0.68259386,3.58361775,4.32309443,5.80204778,0.51194539,4.60750853,15.87030717,60.01137656,,,1005207.31393433,7191.02963475,1005207.313918,7191.02963475143
11,S02001858,Mosspark,5240,5231,2337,211.483232,2.114831,5126,25630,0.35115099,2.49707374,1.44362076,16.42606321,1.98985564,2.88724151,86.73429575,0.89738588,151.46312915,0.07803355,0.8583691,3.19937573,2.06788919,5.61841592,0.31213422,6.74990246,15.48966055,47.36636754,,,2114832.35215759,8590.15764964,2114832.352177,8590.15764964503
12,S02001859,Ibrox,3061,2982,1607,92.009096,0.920091,3640,18200,0.82417582,4.61538462,1.15384615,17.8021978,2.91208791,2.25274725,99.01098901,2.91208791,213.24175824,0.10989011,0.93406593,3.73626374,6.42857143,4.94505495,0.43956044,4.28571429,20.38461538,73.62637363,1,,920091.01376343,6308.89660921,920091.01375507,6308.89660921067
13,S02001860,Ibrox East and Cessnock,2948,2839,1630,81.420078,0.814199,3322,16610,0.78266105,3.79289585,1.20409392,16.435882,2.16736905,1.5051174,77.6640578,1.98675497,168.6333534,0,0.72245635,1.98675497,6.08067429,3.97350993,0.30102348,4.63576159,15.47260686,62.13124624,,,814200.80036926,6836.46348777,814200.80024449,6836.46348776561
14,S02001861,Kinning Park and Festival Park,3742,3649,1901,57.217833,0.57218,4448,22240,0.6294964,3.23741007,1.30395683,14.16366906,1.79856115,1.88848921,64.97302158,1.79856115,158.45323741,0.26978417,0.53956835,1.30395683,3.10251799,3.86690647,0.49460432,4.67625899,12.36510791,62.76978417,,,572178.34980774,5034.37607887,572178.34981255,5034.37607886838
15,S02001862,Kingston West and Dumbreck,3669,3665,1894,149.116171,1.49116,3637,18185,0.54990377,3.35441298,1.31976904,14.90239208,2.19961507,2.41957657,77.37145999,1.31976904,153.58812208,0.05499038,1.20978829,1.86967281,4.83915315,4.50921089,0.32994226,5.55402805,14.51745944,50.26120429,,,1491161.73899841,8232.59893873,1491161.7391145,8232.5989387356
16,S02001863,Pollokshields West,4744,4697,1831,103.501576,1.035018,4662,23310,0.17160017,1.58730159,1.2012012,13.98541399,2.44530245,4.2042042,80.56628057,0.38610039,123.98112398,0.08580009,0.72930073,3.3033033,1.8018018,5.53410553,0.34320034,10.03861004,11.06821107,42.64264264,,,1035015.75994873,8313.733557,1035015.759909,8313.73355699375
17,S02001864,Pollokshields East,4968,4939,1916,54.654881,0.546548,5037,25185,0.19853087,1.7073655,2.38237046,13.69863014,2.6206075,3.77208656,79.61087949,0.87353583,137.66130633,0.11911852,0.87353583,3.29561247,1.90589637,6.9485805,0.63529879,8.53682748,12.18979551,48.8385944,1,,546548.81669617,4042.71877571,546548.8167515,4042.71877570993
18,S02001865,Govanhill West,5429,5386,2736,30.929073,0.309291,5793,28965,0.41429311,3.83221129,2.34766097,12.67046435,3.48696703,4.2465044,78.16330054,1.86431901,156.05040566,0.06904885,0.86311065,3.27982047,4.1084067,6.21439669,0.37976869,5.38581046,12.73951321,59.83083031,1,,309290.69575501,3345.80619176,309290.6957935,3345.8061917642
19,S02001866,Govanhill East and Aikenhead,4081,4050,2110,54.800946,0.548011,4519,22595,0.30980305,3.8061518,1.77030316,18.23412259,3.00951538,4.55853065,92.45408276,1.23921222,163.66452755,0.2212879,1.10643948,3.71763665,3.49634875,8.14339456,0.44257579,5.22239434,13.01172826,64.66032308,1,,548009.47564697,4183.12383442,548009.475627,4183.12383441382
20,S02001867,Battlefield,4990,4974,2642,113.880488,1.138806,5074,25370,0.2364998,1.89199842,1.49783209,16.0819866,1.26133228,4.25699645,83.32676389,0.78833268,95.62475365,0.2364998,1.26133228,3.0350808,1.89199842,3.54749704,0.31533307,10.64249113,9.22349231,42.09696492,,,1138804.90951538,8294.97355104,1138804.909439,8294.97355104176
21,S02001847,Crookston North,3022,3018,1343,72.963418,0.729632,3106,15530,0.386349,3.34835802,1.03026401,16.67739858,2.89761751,3.67031552,102.38248551,1.22343851,190.92079845,0.386349,1.03026401,3.60592402,3.41274952,6.69671603,0.515132,8.24211204,18.35157759,57.11526079,1,,729634.20333862,4502.97764103,729634.203378,4502.97764102941
22,S02001848,Pollok South and West,5467,5467,2096,215.503026,2.15503,6341,31705,0.2838669,1.07238606,1.04084529,11.03926825,1.54549756,2.64942438,73.64768964,0.59927456,113.01056616,0.15770383,0.82005993,3.72181044,0.94622299,4.8888188,0.06308153,8.20059927,10.75540136,41.75997477,,,2155030.21000671,6945.34840143,2155030.21011013,6945.34840142914
23,S02001849,Pollok North and East,6145,5999,2515,197.646011,1.976461,5869,29345,0.27261884,3.85074118,1.49940365,24.56977339,2.52172431,3.16919407,119.3388993,1.80609985,228.21605043,0.23854149,0.88601125,3.91889589,5.52053161,6.88362583,0.23854149,7.19032203,20.51456807,68.63179417,1,,1976460.08990479,9863.35990651,1976460.08990486,9863.35990650988
24,S02001850,Cardonald South and East,3512,3410,1673,68.023333,0.680233,3192,15960,0.37593985,3.32080201,1.56641604,21.80451128,2.2556391,2.19298246,99.87468672,0.93984962,206.45363409,0.18796992,0.43859649,3.13283208,3.69674185,5.20050125,0.37593985,4.44862155,18.17042607,61.09022556,,,680233.31309509,5833.94925964,680233.313088,5833.94925963594
25,S02001851,Cardonald North,4271,4256,2046,57.431205,0.574312,4329,21645,0.6006006,2.91060291,1.43220143,19.21921922,3.04920305,3.0954031,95.77269577,1.8018018,203.14160314,0.18480018,0.73920074,3.6036036,3.6036036,4.52760453,0.23100023,4.98960499,19.21921922,57.05705706,,,574312.03105164,4972.81414436,574312.0310985,4972.81414436439
26,S02001852,Cardonald West and Central,5315,5270,2442,119.992763,1.19993,5162,25810,0.27121271,2.67338241,0.65865943,14.29678419,1.31731887,1.93723363,78.80666408,1.08485083,149.05075552,0.15497869,0.65865943,2.94459512,1.85974429,4.33940333,0.30995738,4.88182875,14.37427354,47.73343665,,,1199927.62098694,7948.29083068,1199927.62096557,7948.29083067949
27,S02001874,Carnwadric West,4634,4634,2189,70.122638,0.701226,4228,21140,0.56764428,4.44654683,1.79754021,17.21854305,2.93282876,5.86565752,109.36613056,3.26395459,169.82024598,0.04730369,1.56102176,2.93282876,5.91296121,8.2781457,0.33112583,8.42005676,14.52223273,60.35950804,1,,701226.41491699,4123.048192,701226.41486592,4123.04819200206
28,S02001875,Carnwadric East,3144,3144,1458,68.319538,0.683196,3127,15635,0.12791813,3.19795331,1.66293572,15.60601215,1.34314039,5.37256156,109.24208507,1.08730413,148.32107451,0,1.47105852,4.3492165,2.36648545,6.26798849,0.1918772,10.61720499,15.28621682,53.21394308,,,683195.36790466,5279.65657765,683195.367856785,5279.65657764787
29,S02001876,Newlands,5387,5383,2197,121.00687,1.210071,5278,26390,0.34103827,1.59151194,0.75786283,16.97612732,1.47783251,4.50928382,88.97309587,0.87154225,115.72565366,0.03789314,1.0989011,3.56195529,2.15990906,4.35771125,0.18946571,12.54262978,11.93633952,43.76657825,,,1210068.67280579,7956.19263363,1210068.67287144,7956.19263363439
30,S02001877,Merrylee and Millbrae,3435,3373,1436,80.968722,0.809685,3496,17480,0.22883295,1.6590389,1.25858124,20.30892449,1.48741419,6.12128146,94.50800915,0.74370709,114.3020595,0,1.37299771,3.37528604,2.23112128,4.46224256,0.22883295,12.70022883,11.15560641,45.19450801,1,,809687.23216248,6629.0169732,809687.2321515,6629.01697320018
31,S02001878,Muirend and Old Cathcart,4951,4951,2220,85.022175,0.85022,4622,23110,0.17308524,1.29813933,1.47122458,18.17395067,1.34141064,4.84638685,92.03807875,0.43271311,99.6105582,0,0.95196884,2.85590653,0.51925573,4.50021636,0.21635656,13.15447858,10.16875811,42.83859801,1,,850221.75567627,6030.6596289,850221.755594245,6030.65962889843
32,S02001879,Carmunnock North,2903,2903,1205,70.609065,0.706093,2871,14355,0.34831069,1.74155347,1.74155347,19.57506095,0.83594566,5.50330895,97.52699408,0.41797283,97.94496691,0,1.46290491,3.27412052,0.83594566,5.64263323,0.20898642,13.09648206,9.47405085,38.80181122,1,,706090.64064026,4376.23071748,706090.640663075,4376.23071748587
33,S02001880,Carmunnock South,3744,3710,1692,583.097447,5.830975,3737,18685,0.32111319,2.99705646,1.49852823,17.44715012,1.44500937,5.99411292,100.99009901,2.30131121,122.5046829,0.21407546,1.33797164,3.79983944,2.51538667,5.13781108,0.42815092,10.81081081,12.63045223,48.80920524,1,,5830974.43673706,18667.51210339,5830974.43655361,18667.5121033883
34,S02001881,Glenwood South,5159,5056,2487,95.976979,0.959772,4953,24765,0.56531395,4.32061377,1.53442358,21.56268928,2.34201494,6.13769433,130.50676358,2.1401171,180.8600848,0.1211387,1.33252574,4.64365031,4.2802342,6.98566525,0.40379568,12.92146174,16.55562285,68.92792247,3,Difficult Circumstances,959769.7855072,7823.59012601,959769.7854095,7823.59012600654
35,S02001882,Glenwood North,4319,4231,1890,116.703869,1.167037,4313,21565,0.74194296,4.59077208,2.59680037,24.76234639,3.06051472,5.93554371,134.84813355,2.5040575,198.79434268,0.09274287,1.34477162,5.05448644,4.2198006,7.83677255,0.27822861,12.42754463,15.024345,82.72664039,4,Difficult Circumstances ,1167038.70965576,6749.70968239,1167038.7096118,6749.70968239155
36,S02001883,Castlemilk,4905,4900,2341,75.515797,0.755156,4980,24900,0.36144578,3.05220884,2.04819277,21.3253012,2.1686747,4.13654618,122.93172691,1.00401606,149.35742972,0.08032129,1.56626506,4.0562249,2.97188755,7.38955823,0.44176707,12.77108434,12.85140562,59.63855422,1,,755157.98435974,6303.19936013,755157.984490325,6303.19936012008
37,S02001884,Kingspark South,4157,4157,1727,100.976722,1.009767,4026,20130,0.29806259,1.78837556,1.58966716,18.33084948,1.53999006,5.96125186,109.73671138,0.74515648,104.520616,0.0496771,1.88772976,3.57675112,1.53999006,6.25931446,0.24838549,13.66120219,9.93541977,45.80228515,3,Young Hardship ,1009767.23132324,5596.23234351,1009767.2312762,5596.23234350432
38,S02001885,Kingspark North,4368,4368,1774,67.269157,0.672688,4069,20345,0.34406488,1.37625952,2.06438928,20.69304497,1.47456377,5.55419022,106.41435242,0.54067338,119.29220939,0.09830425,1.62202015,4.27623495,0.93389039,6.73384124,0.29491275,12.82870484,11.45244532,48.31653969,3,"Young Hardship, Mature Money",672691.56455994,5096.50338326,672691.564550035,5096.50338326505
39,S02001886,Cathcart,4798,4797,2780,79.104296,0.791045,5411,27055,0.14784698,1.737202,1.84808723,21.17907965,1.14581408,4.50933284,95.69395675,1.07189059,116.6143042,0.11088523,1.70024025,2.84605433,4.65717982,4.58325633,0.48050268,9.24043615,10.49713546,46.90445389,1,,791042.96018982,6638.17614619,791042.960251,6638.17614619222
40,S02001887,Mount Florida,4172,4147,2264,57.462861,0.57463,4395,21975,0.27303754,1.41069397,1.592719,16.60978385,0.91012514,4.00455063,96.56427759,0.91012514,96.20022753,0.18202503,1.00113766,1.592719,2.82138794,3.64050057,0.3185438,10.23890785,10.23890785,45.87030717,,,574628.62109375,4910.11260202,574628.621211,4910.11260201538
41,S02001888,Toryglen and Oatlands,5646,5645,2812,197.209169,1.972097,6814,34070,0.46962137,3.19929557,2.37745817,23.59847373,2.26005283,5.0484297,113.79512768,1.14470208,161.52039918,0.02935134,1.37951277,4.1385383,2.84707954,6.3692398,0.4989727,11.44702084,15.8790725,67.09715292,1,,1972091.72561646,7714.15356778,1972091.72563928,7714.15356778194
42,S02001889,Gorbals and Hutchesontown,5824,5794,3288,82.427614,0.824274,6201,31005,0.80632156,4.16061925,1.90291888,19.80325754,2.67698758,3.74133204,89.66295759,1.8061603,146.97629415,0.16126431,0.99983874,2.93501048,3.87034349,4.16061925,0.2580229,6.38606676,13.7397194,78.76149008,,,824276.15071106,5474.56215584,824276.15086555,5474.56215583402
43,S02001890,Laurieston and Tradeston,5001,4449,2546,218.015415,2.180155,6156,30780,1.36452242,3.86614685,1.36452242,11.01364522,2.43664717,2.56660169,64.32748538,1.81936322,112.15074724,0.03248863,0.87719298,1.36452242,5.06822612,2.66406758,0.45484081,5.91293047,11.40350877,70.30539311,1,,2180154.15873718,9392.95518861,2180154.15861381,9392.95518860692
44,S02001891,Calton and Gallowgate,3987,3951,2403,102.883029,1.028829,4602,23010,0.65189048,2.78139939,1.2603216,9.03954802,2.43372447,0.73880921,58.23554976,0.95610604,93.698392,0.1303781,0.21729683,0.91264668,2.95523685,2.17296827,0.08691873,2.25988701,14.38504998,94.74141678,,,1028830.2789917,8413.75044976,1028830.27913584,8413.75044976615
45,S02001892,Bridgeton,3552,3515,1979,36.905803,0.369061,4147,20735,0.77164215,3.37593441,1.3986014,11.23703882,3.13479624,1.06100796,61.53846154,1.49505667,106.4383892,0.09645527,0.33759344,2.31492645,3.47238968,3.27947914,0.19291054,2.99011333,13.35905474,100.36170726,,,369058.07240295,5158.40647259,369058.0724105,5158.40647259381
46,S02001893,Dalmarnock,2529,2525,1453,118.593715,1.185936,3860,19300,0.51813472,3.73056995,1.29533679,14.45595855,4.50777202,1.8134715,92.07253886,1.39896373,134.40414508,0,0.88082902,2.95336788,2.79792746,4.87046632,0.56994819,4.35233161,17.72020725,127.20207254,,,1185937.13815308,8123.85489595,1185937.1382077,8123.8548959552
47,S02001894,Parkhead West and Barrowfield,5709,5492,2827,219.608018,2.196081,7465,37325,1.39316812,4.15271266,1.63429337,19.18285332,4.71533825,1.25920965,89.8593436,2.38446082,175.35164099,0.16075017,0.58941728,1.90221031,4.90288011,3.50971199,0.37508372,2.38446082,24.27327528,161.55391829,3,Difficult Circumstances,2196080.17744446,11179.40496654,2196080.17719179,11179.4049665383
48,S02001895,Parkhead East and Braidfauld North,3166,3144,1649,88.75964,0.887596,3596,17980,0.83426029,3.05895439,1.50166852,11.7352614,4.61624027,0.83426029,74.58286986,2.16907675,119.74416018,0.16685206,0.22246941,1.27919911,4.61624027,3.44827586,0.61179088,1.94660734,16.68520578,120.74527253,,,887596.4082489,6738.42616656,887596.408339,6738.42616655072
49,S02001896,Braidfauld,5637,5570,2797,202.898033,2.02898,6652,33260,0.48105833,2.64582081,1.3229104,13.65003007,3.90859892,1.23271197,83.85447986,1.35297655,138.27420325,0.21046302,0.39085989,2.25496091,2.43535779,3.96873121,0.3307276,2.13469633,17.94948888,116.80697535,,,2028980.29981995,10837.03838162,2028980.29987787,10837.0383816161
50,S02001897,Shettleston South,3887,3863,1664,244.41591,2.444159,3810,19050,0.57742782,1.99475066,0.89238845,12.75590551,2.25721785,0.62992126,72.02099738,0.99737533,97.21784777,0.05249344,0.20997375,1.20734908,3.41207349,3.98950131,0.31496063,2.57217848,16.69291339,88.45144357,,,2444159.07006836,10094.53834742,2444159.07021016,10094.5383474214
51,S02001898,Carmyle and Mount Vernon South,2701,2635,1187,135.176755,1.351766,2632,13160,0.15197568,1.36778116,1.443769,20.97264438,1.97568389,1.443769,80.47112462,1.06382979,138.44984802,0.07598784,0.22796353,1.67173252,1.36778116,3.11550152,0.07598784,2.43161094,21.58054711,106.00303951,,,1351767.54057312,10405.81452586,1351767.54055772,10405.8145258647
52,S02001899,Mount Vernon North and Sandyhills,3766,3760,1569,127.125764,1.271258,3525,17625,0.34042553,1.19148936,0.79432624,10.15602837,1.81560284,0.68085106,70.9787234,0.56737589,78.92198582,0.05673759,0.28368794,1.53191489,1.24822695,2.55319149,0.17021277,1.92907801,13.16312057,73.81560284,,,1271257.6277771,8556.47064254,1271257.627767,8556.47064254263
53,S02001900,Baillieston West,3842,3842,1762,75.656481,0.756566,3607,18035,0.60992515,1.99611866,1.10895481,11.97671195,2.66149154,0.72082063,80.06653729,1.55253673,117.60465761,0,0.44358192,1.71887996,3.27141669,3.10507347,0.16634322,1.60798447,19.35126144,102.19018575,,,756564.80957031,5080.51892428,756564.809485,5080.51892427958
54,S02001901,Baillieston East,5313,5251,2270,609.342024,6.09342,7128,35640,0.47699214,1.9640853,0.81369248,11.61616162,2.52525253,1.03815937,75.19640853,0.44893378,97.30639731,0.05611672,0.22446689,1.90796857,0.84175084,3.14253648,0.05611672,2.55331089,15.01122334,77.07631874,,,6093420.32331848,21041.98592011,6093420.32333994,21041.9859201134
55,S02001902,Garrowhill West,4296,4292,1710,107.328005,1.073282,4096,20480,0.48828125,1.07421875,0.68359375,10.20507813,1.953125,0.83007813,70.3125,0.24414063,79.34570313,0.09765625,0.14648438,1.3671875,0.83007813,2.9296875,0.1953125,1.7578125,13.96484375,71.58203125,,,1073280.04647827,7363.1539496,1073280.0465825,7363.1539495979
56,S02001868,Strathbungo,5617,5520,2951,56.609999,0.566098,5917,29585,0.43941186,1.45343924,1.52104107,12.60774041,1.21683285,2.6702721,73.6183877,1.0816292,102.45056617,0.10140274,1.04782829,2.46746662,2.3998648,3.78570221,0.2704073,6.82778435,10.68108839,43.60317729,,,566099.9848938,5925.31228737,566099.984859,5925.31228737994
57,S02001869,Maxwell Park,5929,5834,2330,360.290675,3.602903,5866,29330,0.17047392,1.0228435,1.56836004,17.83157177,1.09103307,4.43232185,83.80497784,0.23866348,125.33242414,0.30685305,1.09103307,3.307194,0.54551654,4.02318445,0.27275827,12.58097511,10.9444255,40.74326628,,,3602906.77305603,14848.4565363,3602906.7730095,14848.4565363093
58,S02001870,Shawlands West,3573,3573,2123,32.239972,0.3224,3888,19440,0.41152263,1.69753086,0.92592593,10.49382716,1.49176955,2.98353909,58.59053498,0.61728395,82.15020576,0.05144033,0.66872428,1.69753086,1.44032922,3.08641975,0.30864198,7.09876543,8.02469136,33.43621399,,,322399.74577332,3532.13057822,322399.745745,3532.13057822943
59,S02001871,Shawlands East,3293,3293,1930,19.716182,0.197163,3593,17965,0.16699137,1.2246034,0.94628444,12.5800167,0.83495686,4.1747843,62.56610075,1.28026719,73.86585026,0.16699137,0.89062065,1.1689396,2.50487058,2.44920679,0.44531033,8.90620651,8.07124965,31.00473142,,,197161.80274963,2758.44063185,197161.802768,2758.44063184954
60,S02001872,Langside,4086,4027,2238,45.138886,0.45139,4573,22865,0.21867483,1.26831402,1.26831402,14.73868358,1.44325388,3.80494205,75.04920184,0.91843429,76.88607041,0.30614476,1.09337415,1.70566368,1.31204898,3.14891756,0.39361469,10.01530724,8.22217363,36.56243166,,,451388.84141541,4072.44501696,451388.8413855,4072.44501695956
61,S02001873,Pollokshaws,4487,4473,2589,383.451201,3.834513,4462,22310,0.40340654,3.98924249,1.38951143,19.94621246,1.34468848,4.25818019,89.87001345,3.58583595,157.32855222,0.1792918,1.12057373,2.68937696,6.09592111,5.69251457,0.35858359,6.7234424,13.7158225,59.97310623,1,,3834512.01828003,16175.79020038,3834512.0184375,16175.7902003756
62,S02001913,Carntyne,3419,3291,1710,72.731272,0.727314,3504,17520,3.13926941,15.23972603,1.65525114,21.06164384,2.73972603,0.74200913,132.42009132,6.90639269,218.77853881,0.2283105,1.36986301,1.82648402,17.1803653,7.07762557,0.85616438,3.13926941,30.99315068,221.23287671,7,Poorer Pensioners,727312.72761536,4761.82369107,727312.7275815,4761.8236910679
63,S02001914,"Cranhill, Lightburn and Queenslie South",6265,6126,2810,134.637811,1.346375,6554,32770,1.15959719,3.326213,1.15959719,17.05828502,4.11962161,1.09856576,97.19255417,1.86145865,145.89563625,0,0.33567287,1.92249008,4.08910589,4.63838877,0.27464144,2.25816295,21.81873665,137.83948734,,,1346378.11143494,9623.7545272,1346378.11144,9623.75452719846
64,S02001915,Craigend and Ruchazie,5100,5052,2457,137.094116,1.370945,5692,28460,0.63246662,2.95151089,1.44061841,17.25228391,3.79479972,0.77301476,110.18973999,2.2487702,143.64019677,0.21082221,0.28109628,1.96767393,4.42726634,4.56781448,0.24595924,1.72171469,22.62825018,133.48559382,,,1370941.18467712,9335.52839199,1370941.1845645,9335.52839199818
65,S02001916,Riddrie and Hogganfield,5861,5037,2353,219.678398,2.196787,5867,29335,0.78404636,3.40889722,0.98858019,12.68109766,2.52258394,0.85222431,89.0744844,1.80671553,119.82273734,0.13635589,0.40906767,1.70444861,2.99982956,4.22703255,0.40906767,2.01124936,17.99897733,116.89108573,,,2196783.97772217,9785.19459785,2196783.977809,9785.1945978477
66,S02001917,Blackhill and Barmulloch East,4421,4415,1981,128.553244,1.285532,4601,23005,1.1736579,2.60812867,0.91284503,11.99739187,3.17322321,0.82590741,138.44816344,1.99956531,134.10128233,0.26081287,0.26081287,2.3473158,3.60791132,4.12953706,0.3912193,1.52140839,23.51662682,119.5392306,,,1285532.44465637,7712.90939428,1285532.444649,7712.90939428067
67,S02001918,Robroyston and Millerston,6125,6023,2322,427.767003,4.277671,6352,31760,0.37783375,1.03904282,0.75566751,8.0604534,1.76322418,0.72418136,118.5768262,0.28337531,82.55667506,0.09445844,0.18891688,1.47984887,0.47229219,3.68387909,0.18891688,2.20403023,14.10579345,64.8929471,,,4277670.06929016,12229.05467307,4277670.06924969,12229.0546730624
68,S02001919,Balornock,3585,3458,1408,117.648359,1.176483,3439,17195,0.63972085,2.67519628,0.52340797,15.5277697,2.5588834,0.52340797,197.1503344,2.26810119,137.36551323,0.11631288,0.2907822,1.51206746,3.1404478,4.4198895,0.2907822,1.2794417,22.68101192,111.31142774,1,,1176483.59881592,6924.20482696,1176483.59880093,6924.20482695671
69,S02001920,Barmulloch,2637,2637,1155,70.040828,0.700409,3048,15240,0.72178478,2.55905512,1.18110236,11.87664042,3.67454068,0.65616798,151.44356955,1.24671916,121.65354331,0,0.32808399,1.57480315,1.83727034,3.0839895,0.32808399,1.70603675,18.7664042,102.03412073,1,,700408.27806091,5886.6268829,700408.2780465,5886.62688289969
70,S02001921,Petershill,4307,4307,2101,70.002636,0.700029,3611,18055,0.5538632,3.76626973,1.05234007,10.02492384,2.32622542,0.72002215,131.21019108,0.94156743,113.32040986,0.11077264,0.5538632,1.77236223,1.93852119,3.15702022,0.11077264,1.16311271,18.60980338,111.27111603,,,700026.35340881,5636.60222313,700026.353506,5636.60222312893
71,S02001922,Springburn,4716,4577,2371,167.465085,1.674651,4539,22695,1.54218991,4.00969377,1.71844019,17.14033928,3.83344349,1.01343908,165.49900859,2.59969156,155.5849306,0.22031284,0.30843798,1.76250275,6.7856356,3.26063009,0.39656312,1.18968936,22.64816039,134.03833443,3,"Poorer Pensioners, Difficult Circumstances",1674650.87870789,10357.29200357,1674650.87879895,10357.2920035604
72,S02001923,Springburn East and Cowlairs,4273,4265,2242,79.651629,0.796518,4850,24250,1.07216495,3.71134021,0.94845361,9.97938144,3.3814433,0.70103093,110.96907216,1.77319588,105.73195876,0,0.12371134,1.07216495,3.54639175,2.63917526,0.32989691,1.11340206,16.65979381,100.24742268,,,796516.25570679,5977.06720385,796516.25567058,5977.06720384423
73,S02001924,Cowlairs and Port Dundas,3609,3477,1904,213.117754,2.131177,4026,20130,0.74515648,3.42771982,0.84451068,16.04570293,4.02384501,0.69547938,106.65673125,3.62642822,132.29011426,0,0.34773969,0.89418778,3.57675112,3.47739692,0.1490313,1.68902136,20.11922504,117.3373075,1,,2131177.52003479,9896.11951492,2131177.519944,9896.11951492531
74,S02001925,Sighthill,2320,2320,1119,100.257632,1.002577,900,4500,0.44444444,4.44444444,0.88888889,11.11111111,3.55555556,0.22222222,90.44444444,1.33333333,101.55555556,0.44444444,0.44444444,1.11111111,1.77777778,4.22222222,0.66666667,0.66666667,19.55555556,105.33333333,2,Difficult Circumstances,1002576.32228088,8275.32501868,1002576.3222735,8275.32501867748
75,S02001926,"Roystonhill, Blochairn, and Provanmill",5773,5720,2944,170.797614,1.707979,6023,30115,0.69732691,5.24655487,1.06259339,14.84310144,4.15075544,0.86335713,116.81886103,1.89274448,157.66229454,0.06641209,0.26564835,1.56068404,3.818695,4.18396148,0.16603022,1.26182965,20.98621949,155.27145941,2,Difficult Circumstances,1707976.15843201,7446.34513942,1707976.158359,7446.34513941608
76,S02001927,Dennistoun North,4030,3917,2194,55.208947,0.552088,4707,23535,0.25493945,1.31718717,0.76481836,12.2795836,2.29445507,0.63734863,52.30507754,0.67983854,85.27724665,0.16995963,0.21244954,0.5098789,1.61461653,2.03951562,0.21244954,1.9545358,11.42978543,86.16953474,,,552089.44210815,5253.3266787,552089.4420095,5253.32667869645
77,S02001928,Alexandra Parade,2500,2461,1445,72.352713,0.723528,2695,13475,0.44526902,2.15213358,0.44526902,11.65120594,1.63265306,0.44526902,61.2987013,0.89053803,95.13914657,0.14842301,0.29684601,0.81632653,2.00371058,2.07792208,0.14842301,2.00371058,14.54545455,94.76808905,,,723527.15553284,4455.03855566,723527.155556,4455.03855566344
78,S02001929,Carntyne West and Haghill,5068,5068,2803,103.562594,1.03563,4771,23855,0.79647873,3.8147139,1.59295745,13.70781807,4.56927269,1.04799832,87.90609935,1.46719765,129.57451268,0.16767973,0.29343953,1.88639698,3.35359463,3.14399497,0.54495913,2.47327604,21.0018864,140.64137497,,,1035625.94551086,8011.09952193,1035625.945456,8011.09952193262
79,S02001931,Gallowgate North and Bellgrove,4926,4132,2371,61.838573,0.618384,6354,31770,1.00723953,2.73843248,1.00723953,9.19106075,1.63676424,0.34623859,55.2407932,1.85709789,86.496695,0,0.50361977,0.84985836,3.30500472,1.63676424,0.22033365,1.98300283,10.54453887,100.535096,,,618385.73643494,6995.33197885,618385.736446,6995.33197885235
80,S02001932,City Centre East,9139,5800,3766,166.148851,1.661492,10486,52430,0.3433149,2.02174328,0.74384894,6.58020217,1.83101278,0.36238795,39.57657829,0.68662979,61.98741179,0.05721915,0.24794965,0.24794965,2.17432767,1.16345604,0.09536525,1.90730498,10.08964333,79.13408354,,,1661488.53619385,9729.18404748,1661488.53615021,9729.18404748214
81,S02001933,City Centre West,4453,4208,2436,73.445504,0.734454,5676,28380,0.95137421,2.67794221,1.02184637,9.16138125,2.36081748,0.59901339,43.19943622,1.9379845,84.00281889,0.07047216,0.49330514,0.45806906,4.15785765,1.23326286,0.21141649,1.97322058,11.06412967,87.52642706,,,734455.04373169,7122.31693646,734455.0437845,7122.31693645813
82,S02001934,City Centre South,2832,2796,1811,117.01778,1.170175,3945,19725,0.96324461,2.53485425,0.76045627,5.32319392,2.83903676,0.50697085,40.86185044,1.57160963,71.28010139,0,0.60836502,0.6590621,3.54879594,0.96324461,0.10139417,2.73764259,9.53105196,68.44106464,,,1170177.80308533,7683.63161368,1170177.80314522,7683.63161368296
83,S02001935,Anderston,4420,4419,2464,59.800735,0.598007,5577,27885,0.39447732,1.64963242,1.14757038,7.38748431,1.57790927,1.2551551,44.50421373,0.53792361,80.76026538,0.1434463,0.43033889,1.07584723,1.3986014,2.11583289,0.1434463,3.69374216,8.35574682,46.47660032,,,598007.31362915,6027.03068078,598007.31368612,6027.03068077247
84,S02001936,Finnieston and Kelvinhaugh,6985,5775,3100,123.165722,1.231658,10513,52565,0.22828879,1.25558832,0.66584229,4.64187197,0.83705888,0.83705888,34.05307714,0.72291449,48.58746314,0.11414439,0.17121659,0.74193855,1.75021402,1.08437173,0.15219252,3.5765243,5.84038809,30.0580234,,,1231657.18151855,7721.6741126,1231657.18159916,7721.67411259031
85,S02001937,Woodlands,6449,6323,2914,54.078477,0.54079,7387,36935,0.18952213,1.38080412,0.92053608,5.9834845,1.81399756,0.81223771,45.72898335,0.64979017,60.53878435,0.10829836,0.46026804,1.02883444,1.78692297,1.7056992,0.08122377,4.65682957,7.55381075,44.26695546,,,541497.80462647,4758.87997238,541497.8046215,4758.87997237926
86,S02001938,Woodside,3416,3334,1961,69.61864,0.696187,3569,17845,0.89660969,3.30624825,1.00868591,15.07425049,1.62510507,1.28887644,68.47856542,1.96133371,138.63827403,0,0.28019053,1.40095265,5.54777249,1.79321939,0.39226674,2.18548613,18.15634632,109.27430653,,,696186.40104675,8853.5508377,696186.4011275,8853.55083770673
87,S02001903,Garrowhill East and Swinton,4298,4273,1627,135.961839,1.359619,4177,20885,0.19152502,1.0533876,1.0533876,10.91692602,3.06440029,0.43093129,76.46636342,0.47881254,80.72779507,0.04788125,0.28728753,1.38855638,0.33516878,3.1601628,0.09576251,2.34618147,13.55039502,71.58247546,,,1359618.39335632,6696.04899659,1359618.393376,6696.04899659079
88,S02001904,Easterhouse East,3183,3105,1488,409.058726,4.090587,3156,15780,0.76045627,3.6121673,1.0139417,11.34347275,2.47148289,0.82382763,84.47401774,0.63371356,133.39670469,0,0.38022814,2.28136882,2.53485425,5.38656527,0.12674271,1.90114068,22.1166033,117.36375158,,,4090587.34062195,12140.97651081,4090587.34084423,12140.9765107996
89,S02001905,Central Easterhouse,2740,2740,1296,87.727933,0.877279,2382,11910,0.75566751,3.35852225,0.92359362,15.86901763,5.70948783,0.83963056,99.91603694,2.35096558,148.9504618,0.16792611,0.41981528,2.43492863,3.61041142,4.45004198,0.16792611,1.59529807,27.53988245,130.64651553,2,Difficult Circumstances ,877279.33309937,5599.0199262,877279.3330745,5599.01992620101
90,S02001906,"Garthamlock, Auchinlea and Gartloch",3633,3633,1498,583.160592,5.831604,4631,23155,0.60462103,2.37529691,0.90693155,9.15568992,3.54135176,0.69099547,92.03195854,0.47505938,107.53616929,0.04318722,0.2591233,2.41848413,1.33880371,4.96652991,0.2591233,2.02979918,17.36126107,88.31785791,,,5831606.00292969,20699.89237457,5831606.00293154,20699.8923745784
91,S02001907,North Barlanark and Easterhouse South,3405,3366,1449,92.153009,0.921532,3581,17905,1.39625803,4.7472773,1.61965931,14.24183189,4.41217537,1.34040771,105.89220888,2.28986317,146.04858978,0.05585032,0.27925161,2.73666574,3.12761798,3.57442055,0.33510193,3.01591734,23.73638648,134.43172298,1,,921530.09370422,6539.55660491,921530.0936455,6539.55660490935
92,S02001908,Barlanark,4904,4904,2212,229.897688,2.298983,4916,24580,0.85435313,3.21399512,1.26118796,11.92026037,3.37672905,0.81366965,100.81366965,3.45809601,123.55573637,0.04068348,0.16273393,2.48169243,5.65500407,5.04475183,0.2441009,2.76647681,20.74857608,117.73799837,1,,2298976.86364746,10060.51513893,2298976.8636065,10060.5151389326
93,S02001909,Greenfield,5228,5162,2536,128.745249,1.287454,5139,25695,0.70052539,2.91885581,1.05078809,15.99532983,2.49075696,0.50593501,87.44892002,1.16754232,136.95271454,0.03891808,0.42809885,1.79023156,2.87993773,3.81397159,0.23350846,1.71239541,22.06654991,125.31620938,,,1287452.49514771,9135.5290734,1287452.4950455,9135.52907339425
94,S02001910,Shettleston North,4492,4492,2626,77.645997,0.77646,4772,23860,1.17351215,4.48449288,1.2992456,14.83654652,2.97569153,0.41911148,80.59513831,2.5146689,131.76865046,0.16764459,0.25146689,1.00586756,5.99329422,3.85582565,0.37720034,2.26320201,20.07544007,128.1642917,,,776459.94902039,5355.8089623,776459.949034,5355.80896229788
95,S02001911,Tollcross,3554,3554,1854,42.128473,0.421282,4052,20260,0.64165844,3.35636723,0.93780849,13.72161895,4.68904245,0.34550839,73.3958539,1.57946693,123.988154,0.09871668,0.14807502,1.1846002,3.45508391,2.56663376,0.09871668,1.23395854,18.75616979,113.27739388,1,,421284.75752258,5650.8205468,421284.7574675,5650.8205468025
96,S02001912,Old Shettleston and Parkhead North,3573,3465,1735,114.886267,1.148863,4848,24240,0.70132013,4.41419142,1.32013201,19.8019802,4.95049505,1.19636964,104.95049505,1.23762376,168.44059406,0.20627063,0.20627063,2.02145215,2.68151815,5.40429043,0.330033,2.2689769,23.06105611,144.18316832,2,"Difficult Circumstances, Poorer Pensioners",1148862.67236328,7614.50302889,1148862.6725575,7614.50302889423
97,S02001946,Summerston North,4031,3763,1802,157.868161,1.578682,3445,17225,0.46444122,2.78664731,0.98693759,14.04934688,2.38026125,0.81277213,97.24238026,1.16110305,129.17271408,0.17416546,0.46444122,2.3222061,2.61248186,3.94775036,0.23222061,3.19303338,18.57764877,92.94629898,,,1578681.60456848,8790.44682741,1578681.60478387,8790.44682741067
98,S02001947,Maryhill East,3295,3295,1711,76.098802,0.760989,3448,17240,0.52204176,4.75638051,1.39211137,10.38283063,3.71229698,1.10208817,91.47331787,1.74013921,121.4037123,0.11600928,0.46403712,2.20417633,3.94431555,2.55220418,0.23201856,1.33410673,16.18329466,94.48955916,,,760988.03981018,5416.02900082,760988.0397815,5416.02900081514
99,S02001948,Maryhill West,2742,2742,1425,52.904454,0.529043,3064,15320,0.91383812,4.89556136,1.17493473,10.05221932,3.26370757,1.30548303,86.1618799,2.34986945,115.33942559,0,0.26109661,2.21932115,5.09138381,3.06788512,0.1305483,2.4151436,15.66579634,88.4464752,,,529044.52941895,4398.84291426,529044.5294425,4398.84291425822
100,S02001949,Wyndford,3619,3619,2261,48.475596,0.484755,4306,21530,0.69670228,5.62006503,1.20761728,11.51881096,2.46168137,1.20761728,78.95959127,3.25127729,124.84904784,0.09289364,0.60380864,1.62563864,7.38504412,2.83325592,0.74314909,2.09010683,16.07059916,101.62563864,3,"Difficult Circumstances, Poorer Pensioners",484755.9914856,3925.72695326,484755.991433,3925.72695326076
101,S02001950,Kelvindale,6079,5371,2544,115.113948,1.151139,6166,30830,0.22705157,0.64871878,0.97307817,10.86603957,0.61628284,1.1676938,56.14661044,0.32435939,74.01881284,0.1621797,0.38923127,1.9137204,0.90820629,1.52448913,0.12974376,4.93026273,8.62795978,32.69542653,,,1151139.46725464,6232.07935471,1151139.467335,6232.07935470782
102,S02001951,North Kelvin,3795,3774,1863,48.785565,0.487856,4187,20935,0.33436828,1.09863864,0.81203726,6.68736566,1.19417244,1.14640554,50.77621209,1.05087175,56.46047289,0.33436828,0.47766898,1.67184141,1.62407452,1.48077382,0.14330069,4.39455457,7.40386912,41.65273465,1,,487855.63500977,4973.23825408,487855.6349875,4973.2382540892
103,S02001952,Kelvingrove and University,5946,5732,2669,68.13281,0.681333,6546,32730,0.21387107,1.13046135,0.70271922,5.83562481,0.82493126,0.82493126,43.35472044,0.79437825,52.18454018,0.27497709,0.3360831,0.82493126,1.31377941,1.25267339,0.30553009,4.61350443,6.08004888,33.08890926,,,680615.04098511,7083.27154074,680615.0408375,7083.27154073345
104,S02001953,Hillhead,5715,5696,3315,95.863985,0.95864,8319,41595,0.12020676,1.27419161,0.74528188,5.2650559,1.29823296,0.84144729,38.94698882,1.77905998,70.51328285,0.24041351,0.43274432,0.69719918,3.2936651,1.44248107,0.24041351,3.89469888,7.62110831,35.07633129,,,958639.84082031,9611.38185502,958639.84064448,9611.3818550156
105,S02001954,Glasgow Harbour and Partick South,4602,4594,2925,49.34278,0.493427,5311,26555,0.26360384,0.94144229,0.9037846,7.68216908,1.3556769,1.05441536,48.42779138,1.09207306,82.05610996,0.26360384,0.37657692,1.01675767,2.33477688,1.8075692,0.11297307,4.36829222,8.36000753,39.27697232,,,493427.79084778,5004.18809365,493427.790840075,5004.18809364609
106,S02001955,Partick,3845,3830,2372,35.576266,0.355764,4024,20120,0.74552684,2.68389662,1.19284294,11.18290258,1.44135189,0.64612326,62.972167,1.93836978,123.26043738,0.19880716,0.79522863,1.24254473,3.42942346,2.58449304,0.64612326,5.36779324,11.87872763,52.48508946,1,,355762.65493774,4066.06260532,355762.6548725,4066.06260531503
107,S02001956,Partickhill and Hyndland,5517,5479,2935,54.10841,0.541086,5803,29015,0.20678959,0.37911425,0.89608823,10.33947958,1.06841289,1.17180769,47.04463209,0.37911425,67.75805618,0.31018439,0.34464932,0.8616233,0.68929864,1.10287782,0.06892986,4.06686197,7.37549543,29.74323626,1,,541084.10247803,4902.88128208,541084.1024495,4902.88128208118
108,S02001957,Dowanhill,4338,4281,2176,46.309023,0.463092,4589,22945,0.30507736,0.4358248,0.61015472,9.37023317,0.61015472,1.089562,46.15384615,0.4358248,61.4077141,0.26149488,0.26149488,1.35105688,0.69731968,1.089562,0.2179124,4.57616038,7.32185661,31.11789061,,,463090.21408081,4692.78016962,463090.2140695,4692.78016962604
109,S02001958,Kelvinside and Jordanhill,5577,5491,2391,181.26453,1.812647,5717,28585,0.34983383,0.62970089,0.73465104,11.61448312,0.83960119,1.60923561,62.02553787,1.15445164,85.56935456,0.2099003,0.52475074,2.79867063,1.18943502,1.67920238,0.13993353,5.66730803,8.32604513,34.52859892,,,1812645.26696777,8152.13058676,1812645.267012,8152.13058676351
110,S02001959,Broomhill,4348,4317,2224,61.247157,0.612471,4639,23195,0.2155637,0.73291658,0.90536754,9.70036646,1.20715671,1.33649493,54.02026299,0.94848028,85.27699935,0.51735288,0.34490192,1.72450959,1.98318603,1.94007329,0.08622548,4.78551412,8.96744988,35.05065747,1,,612471.57658386,4264.88108532,612471.5766,4264.88108531731
111,S02001960,Victoria Park,2694,2684,1119,70.840075,0.708401,2705,13525,0.59149723,1.62661738,1.18299445,11.38632163,1.03512015,1.99630314,68.46580407,1.03512015,110.60998152,0,1.03512015,3.10536044,3.3271719,2.0702403,0,4.58410351,10.05545287,47.76340111,,,708400.75540161,4777.14506823,708400.7553745,4777.14506822382
112,S02001961,Whiteinch,3405,3405,1988,51.848369,0.518484,3742,18710,0.64136825,3.84820951,1.12239444,12.72047034,1.92410476,1.81721005,80.38482095,2.88615714,169.69535008,0.26723677,0.69481561,2.08444682,5.71886692,4.97060396,0.42757883,3.90165687,16.19454837,66.16782469,,,518483.6632843,6095.88681391,518483.66322563,6095.88681390627
113,S02001962,Scotstoun North and East,4321,4304,1915,66.7572,0.667572,4595,22975,0.21762786,2.04570185,1.26224157,9.31447225,1.61044614,1.34929271,61.50163221,1.95865071,118.73775843,0,0.69640914,2.61153428,6.13710555,3.43852013,0.26115343,3.22089227,11.92600653,46.87704026,,,667572.01251221,4315.09408044,667572.012569,4315.09408043998
114,S02001963,Scotstoun South and West,3718,3718,1857,99.653897,0.996539,3637,18185,0.7148749,4.0142975,1.70470168,12.09788287,2.85949959,1.31976904,72.31234534,1.92466318,167.83062964,0.16497113,0.27495188,2.25460544,5.33406654,5.99395106,0.32994226,3.68435524,14.35248831,64.28375034,,,996538.94490051,9138.43153322,996538.94482642,9138.43153321333
115,S02001964,Yoker South,4571,4558,2344,96.545804,0.96546,4856,24280,0.28830313,3.99505766,0.82372323,11.82042834,2.30642504,1.40032949,71.00494234,1.64744646,121.5815486,0.16474465,0.5354201,2.51235585,2.05930807,4.85996705,0.49423394,4.03624382,11.8616145,50.65897858,,,965458.03346252,6972.88203453,965458.0335929,6972.88203454413
116,S02001965,Yoker North,3030,2850,1153,52.391859,0.523917,2970,14850,0.26936027,2.69360269,0.74074074,26.1952862,2.28956229,2.8956229,95.75757576,0.47138047,235.28619529,0.06734007,0.60606061,4.04040404,1.88552189,4.37710438,0.13468013,6.12794613,18.78787879,80.4040404,2,"Striving Families, Modest Means",523918.56227112,4246.32553877,523918.56226294,4246.32553877617
117,S02001966,Knightswood West,2666,2666,1251,45.080045,0.450802,2551,12755,0.31360251,2.97922383,1.01920815,13.17130537,1.7248138,1.01920815,84.67267738,2.03841631,158.60446884,0,0.47040376,2.82242258,3.52802822,4.78243826,0.47040376,4.93923951,14.66091729,62.87730302,,,450800.47363281,3916.4313614,450800.473637,3916.43136139615
118,S02001967,Knightswood East,3977,3878,2008,62.290175,0.622905,3921,19605,0.56108136,3.46850293,0.96914053,18.61769957,2.6013772,1.93828105,78.80642693,1.88727365,171.84391737,0.15302219,0.66309615,2.09130324,4.08059169,4.13159908,0.35705177,4.18260648,17.29150727,67.63580719,,,622901.74003601,8530.88663384,622901.740147,8530.88663383877
119,S02001968,Knightswood Park West,3459,3459,1926,93.437919,0.934381,3354,16770,0.53667263,3.10077519,0.47704234,13.11866428,2.38521169,1.13297555,69.35002982,1.90816935,150.02981515,0.17889088,0.65593321,1.72927847,4.71079308,4.11449016,0.17889088,3.99522958,15.08646392,64.04293381,,,934379.18525696,8143.28010355,934379.185227,8143.28010354975
120,S02001969,Knightswood Park East,3692,3692,1793,55.077788,0.550776,3870,19350,0.31007752,2.73901809,1.03359173,12.55813953,2.27390181,1.65374677,70.49095607,2.11886305,138.50129199,0.05167959,0.41343669,2.11886305,4.03100775,3.35917313,0.10335917,4.34108527,12.66149871,58.0878553,,,550777.88517761,5248.76134846,550777.8852105,5248.76134846043
121,S02001930,Dennistoun,4195,4183,2227,27.916265,0.279162,4454,22270,0.40413112,1.66142793,0.76335878,7.90300853,1.88594522,0.08980692,50.51638976,0.94297261,65.91827571,0.22451729,0.53884149,0.53884149,2.29007634,1.93084868,0.3143242,1.88594522,9.78895375,76.42568478,,,279162.64424133,3390.70730975,279162.6442975,3390.70730974367
122,S02001970,Anniesland East,4217,4171,2207,149.99151,1.499915,4242,21210,0.23573786,1.22583687,0.80150872,10.93823668,1.32013201,1.13154173,58.08580858,0.61291843,95.66242339,0.28288543,0.04714757,1.74446016,1.60301744,2.73455917,0.28288543,4.90334748,10.08958039,44.4601603,,,1499915.09591675,8255.64248511,1499915.09582365,8255.64248511518
123,S02001971,Anniesland West,5995,5890,3097,129.898932,1.298991,6681,33405,0.44903458,2.39485107,1.25729681,15.29711121,1.5566532,1.64646011,69.75003742,1.70633139,132.10597216,0.14967819,0.44903458,1.76620266,3.05343511,3.29292022,0.29935638,4.72983086,13.08187397,52.65678791,,,1298989.29566956,7816.51033094,1298989.29569675,7816.51033094093
124,S02001972,Blairdardie East,5683,5676,2818,97.739448,0.977395,5485,27425,0.87511395,2.33363719,1.38559708,17.10118505,2.26071103,2.5159526,88.53236098,2.07839562,168.93345488,0.21877849,0.65633546,3.13582498,3.24521422,4.48495898,0.32816773,4.04740201,17.28350046,67.67547858,,,977394.485672,6380.13119645,977394.48553321,6380.13119644513
125,S02001973,Blairdardie West,2926,2926,1199,91.099311,0.910992,2975,14875,0.26890756,1.34453782,1.00840336,13.71428571,0.94117647,1.68067227,73.68067227,0.80672269,119.86554622,0,0.60504202,3.36134454,0.47058824,5.31092437,0.33613445,4.63865546,12.90756303,46.92436975,,,910993.11380005,5490.80173521,910993.11380875,5490.80173521276
126,S02001974,Drumchapel South,2623,2503,1096,82.379145,0.823793,2542,12710,0.15735641,4.56333596,1.49488592,27.61605035,2.83241542,2.43902439,102.5963808,1.57356412,220.84972463,0.07867821,0.55074744,2.5963808,2.83241542,5.90086546,0.39339103,4.95672699,21.32179386,81.82533438,2,Difficult Circumstances,823791.45678711,7275.33992427,823791.45688887,7275.3399242677
127,S02001975,Drumchapel North,3686,3686,1650,88.810851,0.888109,3354,16770,0.65593321,4.88968396,1.4907573,15.02683363,3.57781753,2.20632081,105.48598688,2.20632081,190.33989267,0.23852117,1.61001789,4.47227191,3.75670841,5.66487776,0.35778175,4.35301133,22.83840191,72.33154442,1,,888108.50285339,6396.847519,888108.502731855,6396.84751900515
128,S02001976,Drumry East,3287,3204,1481,128.710931,1.28711,3317,16585,0.66324992,4.22068134,1.20590895,20.68133856,3.49713597,1.98974977,107.68766958,2.23093156,207.65752186,0,0.84413627,4.52215858,4.28097679,5.78836298,0.42206813,4.64274947,18.39011155,77.2384685,,,1287109.3079834,8348.45596093,1287109.30788241,8348.45596093565
129,S02001977,Drumry West,3464,3464,1480,89.801617,0.898018,3542,17710,0.56465274,2.87972897,1.41163185,11.68831169,2.93619424,2.03274986,97.34613213,1.75042349,163.24110672,0.11293055,0.45172219,4.79954828,2.71033315,4.46075663,0.28232637,5.59006211,18.91586674,57.98983625,1,,898016.1355896,5175.59134573,898016.135727365,5175.5913457287
130,S02001939,Firhill,5667,5624,3088,58.998422,0.589983,6415,32075,0.53000779,1.40296181,0.7482463,8.41777085,2.93063133,1.06001559,54.3725643,1.1847233,81.96414653,0.18706157,0.37412315,0.99766173,3.39828527,1.9329696,0.37412315,2.83710055,10.91192518,70.33515199,,,589984.21865845,5587.64675794,589984.218574,5587.64675794294
131,S02001940,Keppochhill,4616,4287,2327,91.978995,0.919793,4894,24470,0.93992644,3.67797303,1.47118921,11.36085002,2.65631385,0.65386187,104.9448304,2.41111565,119.77932162,0.04086637,0.4903964,1.47118921,4.0866367,3.26930936,0.28606457,1.75725378,16.59174499,106.08908868,,,919790.00010681,6071.88467934,919790.0002775,6071.88467934616
132,S02001941,Ruchill,6987,5757,3236,115.615228,1.15615,7402,37010,0.54039449,2.4317752,0.97271008,11.13212645,2.05349905,1.02674953,69.57579033,1.67522291,93.21804918,0.24317752,0.37827614,1.83734126,3.3234261,2.1075385,0.24317752,2.62091327,11.83463929,72.46690084,,,1156152.27030945,7816.49053849,1156152.270351,7816.49053849244
133,S02001942,Possil Park,5812,5694,2872,186.040561,1.860405,6123,30615,0.91458435,3.7563286,0.94724808,24.72644129,2.87440797,0.94724808,140.16005226,2.15580598,186.5425445,0,0.359301,1.99248734,4.08296587,3.52768251,0.39196472,1.01257553,24.4977952,144.43900049,3,"Poorer Pensioners, Difficult Circumstances",1860405.60426331,11444.32687754,1860405.6043025,11444.3268775475
134,S02001943,Milton West,4190,4183,2018,132.357158,1.32357,4275,21375,0.98245614,3.50877193,0.84210526,13.23976608,3.74269006,0.93567251,157.94152047,1.4502924,152.28070175,0.1871345,0.32748538,2.52631579,2.94736842,4.77192982,0.37426901,1.91812865,24.98245614,117.19298246,2,"Poorer Pensioners, Striving Families, Difficult Circumstances",1323571.59109497,7787.33005716,1323571.59111,7787.33005715447
135,S02001944,Milton East,3554,3516,1642,64.173269,0.641734,3185,15925,1.31868132,2.44897959,1.00470958,16.38932496,5.08634223,1.19309262,171.80533752,2.1978022,169.54474097,0.06279435,0.43956044,1.88383046,3.26530612,4.77237049,0.31397174,2.13500785,26.68759812,134.31711146,3,"Striving Families, Difficult Circumstances",641732.70669556,5430.60111933,641732.706731155,5430.60111933043
136,S02001945,Summerston Central and West,4093,4093,1848,765.759697,7.657596,4481,22405,0.62486052,2.4101763,0.75875921,9.72997099,2.99040393,0.84802499,111.626869,0.53559473,96.67484936,0,0.26779737,2.81187235,1.96384736,3.65989734,0.26779737,2.09774604,15.35371569,78.59852711,,,7657597.03881836,18161.43035438,7657597.03868152,18161.4303543852
